aa,SMILES
A,C[C@@H](C(=O)O)N
a,C[C@H](C(=O)O)N
R,C(C[C@@H](C(=O)O)N)CN=C(N)N
r,C(C[C@H](C(=O)O)N)CN=C(N)N
N,C([C@@H](C(=O)O)N)C(=O)N
n,C([C@H](C(=O)O)N)C(=O)N
D,C([C@@H](C(=O)O)N)C(=O)O
d,C([C@H](C(=O)O)N)C(=O)O
C,C([C@@H](C(=O)O)N)S
c,C([C@H](C(=O)O)N)S
Q,C(CC(=O)N)[C@@H](C(=O)O)N
q,C(CC(=O)N)[C@H](C(=O)O)N
E,C(CC(=O)O)[C@@H](C(=O)O)N
e,C(CC(=O)O)[C@H](C(=O)O)N
G,C(C(=O)O)N
H,C1=C(NC=N1)C[C@@H](C(=O)O)N
h,C1=C(NC=N1)C[C@H](C(=O)O)N
I,CC[C@H](C)[C@@H](C(=O)O)N
i,CC[C@@H](C)[C@H](C(=O)O)N
L,CC(C)C[C@@H](C(=O)O)N
l,CC(C)C[C@H](C(=O)O)N
K,C(CCN)C[C@@H](C(=O)O)N
k,C(CCN)C[C@H](C(=O)O)N
M,CSCC[C@@H](C(=O)O)N
m,CSCC[C@H](C(=O)O)N
F,C1=CC=C(C=C1)C[C@@H](C(=O)O)N
f,C1=CC=C(C=C1)C[C@H](C(=O)O)N
P,C1C[C@H](NC1)C(=O)O
p,C1C[C@@H](NC1)C(=O)O
S,C([C@@H](C(=O)O)N)O
s,C([C@H](C(=O)O)N)O
T,C[C@H]([C@@H](C(=O)O)N)O
t,C[C@@H]([C@H](C(=O)O)N)O
W,C1=CC=C2C(=C1)C(=CN2)C[C@@H](C(=O)O)N
w,C1=CC=C2C(=C1)C(=CN2)C[C@H](C(=O)O)N
Y,C1=CC(=CC=C1C[C@@H](C(=O)O)N)O
y,C1=CC(=CC=C1C[C@H](C(=O)O)N)O
V,CC(C)[C@@H](C(=O)O)N
v,CC(C)[C@H](C(=O)O)N
1-NAL,C[C@@](C1=CC=CC2=CC=CC=C21)(C(=O)O)N
7-NH2-C7,C(CCCN)CCC(=O)O
12-NH2-C12,C(CCCCCC(=O)O)CCCCCN
TYR-Bzl,C1=CC=C(C=C1)COC2=CC=C(C=C2)C[C@@H](C(=O)O)N
D-ORN,C(C[C@H](C(=O)O)N)CN
Phg,C1=CC=C(C=C1)OCCO
NLE,CCCC[C@@H](C(=O)O)N
ORN,C(C[C@@H](C(=O)O)N)CN
AIB,CC(C)(C(=O)O)N
ABU,CCC(C(=O)[O-])N
D-NLE,CCCC[C@H](C(=O)O)N
P-Ser,C(C(C(=O)O)N)OP(=O)(O)O
PYA,C1CC(=O)N[C@@H]1C(=O)O
ADOO,C(COCCOCC(=O)O)N
DHB,CC=C(C(=O)O)N
DHA,C1[C@H]([C@H]([C@H](OC1(C(=O)O)O)C(=O)O)O)O
P-Tyr,C1=CC(=CC=C1C[C@@H](C(=O)O)N)OP(=O)(O)O
MET-OXD,CS(=O)CCC(C(=O)O)N
D-Allo-ILE,CC[C@H](C)[C@H](C(=O)O)N
bALA,C(CN)C(=O)O
DAB,C1=CC(=C(C=C1C2=CC(=C(C=C2)N)N)N)N
D-PYA,C1CC(=O)N[C@H]1C(=O)O
Et-GLU,CCOC(=O)CC[C@@H](C(=O)O)N
5-Me-GLU,COC(=O)CC[C@@H](C(=O)O)N
CIT,C(C[C@@H](C(=O)O)N)CNC(=O)N
NVAL,CC(C)NCC(=O)O
Sar,CNCC(=O)O
4-HYP,C1C(CNC1C(=O)O)O
Me-Leu,CC(C)CC(C(=O)O)NC
Cha,C1CCC(CC1)CC(C(=O)O)N
3-Me-Val,CC(C)(C)C(C(=O)O)N
Ac6c,C1CCC(CC1)(C(=O)O)N
bhARG,C(C[C@@H](CC(=O)O)N)CN=C(N)N
HARG,C(CC(C(=O)O)N)CN=C(N)N
NOR,C(C[C@@H](C(=O)O)N)CN=C(N)N[N+](=O)[O-]
DOPA,C1=CC(=C(C=C1C[C@@H](C(=O)O)N)O)O
CCA,C1=CC=C(C(=C1)C(=O)[O-])NC2=C(C=CC(=C2)Cl)C(=O)[O-].[Na+].[Na+]
6-Br-trp,C1=CC2=C(C=C1Br)NC=C2CC(C(=O)O)N
AGL,N[C@@H](CC=C)C(=O)O
LYS-(CH3)3,C[N+](C)(C)CCCC[C@@H](C(=O)[O-])[NH3+]
AdaGly,C1C2CC3CC1CC(C2)(C3)NCC(=O)O
Ada-Ala,C1C2CC3CC1CC(C2)(C3)CC(C(=O)O)N
Chg,C1CCC(CC1)C(C(=O)O)N
"3,4-OH-ARG",C(C(C([C@@H](C(=O)O)N)O)O)N=C(N)N
"4,5-OH-LYS",OC(C[C@H](N)C(=O)O)C(CN)O
5-OH-LYS,C(C[C@@H](C(=O)O)N)[C@H](CN)O
D-HPhe,C1=CC=C(C=C1)CC[C@H](C(=O)O)N
D-1-NAL,C1=CC=C2C(=C1)C=CC=C2C[C@H](C(=O)O)N
D-2-NAL,C1=CC=C2C=C(C=CC2=C1)C[C@H](C(=O)O)N
D-DIP,C1=CC=C(C=C1)C(C2=CC=CC=C2)[C@H](C(=O)O)N
D-TIC,C1[C@@H](NCC2=CC=CC=C21)C(=O)O
APC,C1CC(N(C1)C(=O)O)N
Ac5c,C1CCC(C1)(C(=O)O)N
DAP,C(C(C(=O)O)N)N
DHF,NC(=CC1=CC=CC=C1)C(=O)O
MET-O2,CS(=O)(=O)CC[C@@H](C(=O)O)N
5-Br-TRP,C1=CC2=C(C=C1Br)C(=CN2)CC(C(=O)O)N
D-Allo-Thr,C[C@H]([C@H](C(=O)O)N)O
D-NVA,CCC[C@H](C(=O)O)N
NArg,N(C(=N)N)CCCNCC(=O)O
Ahx,C(CCC(=O)O)CCN
"N,N-Me-ILE",CC[C@H](C)[C@@H](C(=O)O)N(C)C
Dmp,CC(CN)N(C)C
GABA,C(CC(=O)O)CN
4-F-PHE,C1=CC(=CC=C1C[C@@H](C(=O)O)N)F
4-NO2-PHE,C1=CC(=CC=C1CC(C(=O)O)N)[N+](=O)[O-]
Allo-ILE,CC[C@@H](C)[C@@H](C(=O)O)N
TOAC,CC1(CC(CC(N1[O])(C)C)(C(=O)O)N)C
Me-Ser,CN[C@@H](CO)C(=O)O
LAP,[Li+].CC1=CC(=C(C(=C1)C)C(=O)P(=O)(C2=CC=CC=C2)[O-])C
2-NAL,C1=CC=C2C=C(C=CC2=C1)C[C@@H](C(=O)O)N
2-NH2-C11,CCCCCCCCC[C@@H](C(=O)O)N
DHL,C(CS)N
DHV,NC(C(=O)O)=C(C)C
DEtGly,CCN(CC)CC(=O)O
Ac3c,NC1(CC1)C(=O)O
Ac4c,NC1(CCC1)C(=O)O
Aic,C1=NC(=C(N1)C(=O)N)N
ACPC,C1CC1(C(=O)O)N
LEUol,CC(C)C[C@@H](CO)N
ADMArg,CN(C)C(=NCCC[C@@H](C(=O)O)N)N
SDMArg,CNC(=NC)NCCC[C@@H](C(=O)O)N
BDZ,C1=CC=C2C(=C1)C=CC=NN2
Iva,CC(C)CC(=O)O
PHEol,C1=CC=C(C=C1)C[C@@H](CO)N
TRPol,C1=CC=C2C(=C1)C(=CN2)C[C@@H](CO)N
AzAla,C1=CC=C2C=CC(=C2C=C1)C[C@@H](C(=O)O)N
DAP(Ac),C(C)(=O)NC(C(=O)O)CN
Piz,CCCCCCCCCCCCCCCC(=O)OC[C@@H](COP(=O)(O)OC1[C@@H]([C@H](C([C@H]([C@H]1O)OP(=O)(O)O)OP(=O)(O)O)OP(=O)(O)O)O)OC(=O)CCCCCCCCCCCCCCC
HLeu,CC(C)CC(C(=O)O)N
HSer,C(CO)C(C(=O)O)N
Epa,CC/C=C\C/C=C\C/C=C\C/C=C\C/C=C\CCCC(=O)O
6-F-TRP,C1=CC2=C(C=C1F)NC=C2C[C@@H](C(=O)O)N
D-DAB,C(CN)[C@H](C(=O)O)N
2-Abz,C1=CC=C(C(=C1)C(=O)O)N
5-OH-TRP,C1=CC2=C(C=C1O)C(=CN2)CC(C(=O)O)N
HTrp,C1=CC=C2C(=C1)C(=CN2)CC(C(=O)O)N
Me-Phe,CN[C@@H](CC1=CC=CC=C1)C(=O)O
TERT BU PHE,CC(C)(C)C1=CC=C(C=C1)C[C@@H](C(=O)O)N
8-Aoc,C(CCCC(=O)O)CCCN
2-Aoc,CCCCCCC(C(=O)O)N
D-2-Aoc,N[C@@H](C(=O)O)CCCCCC
Me-Trp,CNC(CC1=CNC2=CC=CC=C21)C(=O)O
Api,C1[C@@]([C@H](C(O1)O)O)(CO)O
Pra,C#CCNCC(=O)O
HPhe,C1=CC=C(C=C1)CC[C@@H](C(=O)O)N
TERT BU SER,CC(C)(C)OC[C@@H](C(=O)O)N
D-4-Cl-PHE,C1=CC(=CC=C1C[C@H](C(=O)O)N)Cl
PHE(4-OMe),COC1=CC=C(C=C1)CC(C(=O)O)N
Me-Val,CC(C)C(C(=O)O)NC
Me-Asn,CN[C@@H](CC(N)=O)C(=O)O
D-Me-Leu,CC(C)C[C@H](C(=O)O)NC
Se-Cys,C([C@@H](C(=O)O)N)[Se]
D-4-HYP,C1[C@@H](CN[C@H]1C(=O)O)O
D-Me-Phe,CN[C@H](CC1=CC=CC=C1)C(=O)O
D-DAP,C([C@H](C(=O)O)N)N
LEU-Boro,B([C@H](CC(C)C)N)(O)O
Thi-ALA,C1=CSC(=C1)C[C@@H](C(=O)O)N
4-Cl-PHE,C1=CC(=CC=C1C[C@@H](C(=O)O)N)Cl
bLeu,CC(C)C(CC(=O)O)N
Me-Ala,C[C@@H](C(=O)O)NC
ACT-D-Orn,C(C)(=O)N[C@H](CCCN)C(=O)O
iPr-D-Orn,C(C)(C)N[C@H](CCCN)C(=O)O
4-NH2-Pro,C1[C@H](NCC1N)C(=O)O
Me-TYR,CNC(CC1=CC=C(C=C1)O)C(=O)O
Agb,C1C2CC3CC1CC(C2)(C3)NC(=O)NCC4=CC=C(C=C4)N=C(N)N
Et-Cys,CCSCC(C(=O)O)N
ARGol,[C@@H]([C@H](C(=O)[O-])O)(C(=O)[O-])O.[K+].[K+]
Anth-ALA,C1=CC=CC2=CC3=CC=CC=C3C(=C12)N[C@@H](C)C(=O)O
Me-CYS,CN[C@@H](CS)C(=O)O
Me-LYS,CNCCCC[C@@H](C(=O)O)N
Di-P-Tyr,C1=CC(=CC=C1C[C@@H](C(=O)O)N(P(=O)(O)O)P(=O)(O)O)O
NBu-Gly,CCCCNCC(=O)O
N1-NMe-Gly,C1=CC=C2C(=C1)C=CC=C2CNCC(=O)O
N4-MeBn-Gly,CC1=CC=C(C=C1)CNCC(=O)O
2-Adc,CCCCCCCCC(C(=O)O)N
HEtGly,OCCNCC(=O)O
FLG,C1C2=CC=CC=C2C3=C1C(=CC=C3)NCC(=O)O
NIle,CC(CC)NCC(=O)O
Npm,C1=CC=NC(=C1)CNC2=CC=C(C=C2)CC3=CC=C(C=C3)NCC4=CC=CC=N4
Nae,CCCCCCCCCCCC(=O)NCCO
NLeu,C(C(C)C)NCC(=O)O
Nai,C1C=CC2=CC(=CC=C12)NCC(=O)O
Nspe,C1=CC(=CC=C1[N+](=O)[O-])OP(=O)(CCCCC(=O)O)O
Act-Cys,C(C)(=O)N[C@@H](CS)C(=O)O
HCys,C(C(C(=O)O)N)S
D-Pra,C#CC[C@H](C(=O)O)N
(CH3)3-Gly,C[N+](C)(C)CC(=O)[O-]
N2H3-Gly,C(C(=O)NN)N
3F-PHE,C1=CC=C(C=C1)C([C@@](C(=O)O)(N)F)(F)F
NVA,CCCC(C(=O)O)N
Dpg,CCCC(CCC)(C(=O)O)N
5-NH2-C5,C(CCN)CC(=O)O
SER-O-BZY,C1=CC=C(C=C1)COCC(C(=O)O)N
D-AGL,N[C@H](CC=C)C(=O)O
2-Ahx,C/C=C/C[C@@H](C(=O)O)N
3-F-TYR,C1=CC(=C(C=C1CC(C(=O)O)N)F)O
2-F-TYR,FC1=C(C[C@H](N)C(=O)O)C=CC(=C1)O
Ntridec,C(CCCCCCCCCCCC)NCC(=O)O
Pip,C1CCNCC1
Iaa,C1=CC=C2C(=C1)C(=CN2)CC(=O)O
Iac,C1=CC=C2C(=C1)C(=CN2)CC(=O)O
PHE(NH2),C1=CC(=CC=C1C[C@@H](C(=O)O)N)N
PHE(NH2-Bzl),NC1=C(C(=O)C2=CC=C(C[C@H](N)C(=O)O)C=C2)C=CC=C1
HPro,C1CC(NC1)C(=O)O
OBU,CCC(=O)C(=O)O
CM-Cys,C([C@@H](C(=O)O)N)SCC(=O)O
3-Abz,C1=CC(=CC(=C1)N)C(=O)O
D-4-F-PHE,FC1=CC=C(C[C@@H](N)C(=O)O)C=C1
CYS-C6,C(CCCCC)SC[C@H](N)C(=O)O
D-TYR-Bzl,C1=CC=C(C=C1)COC2=CC=C(C=C2)C[C@H](C(=O)O)N
CYS-Bzl,C1=CC=C(C=C1)CSC[C@@H](C(=O)O)N
Me-PRO,CN1[C@@H](CCC1)C(=O)O
Me-Thr,CN[C@@H]([C@H](O)C)C(=O)O
β-Thi-D-ALA,C1=CSC(=C1)C[C@H](C(=O)O)N
THZ-Ala,C1=C(N=CS1)C[C@@H](C(=O)O)N
MIM,CC1=NC=CN1CCCCC2=CC=C(C=C2)CC(=O)N[C@@H](CO)C(=O)N[C@@H](CCCCN)C(=O)NCCC3CCCCC3
2-F-PHE,FC1=C(C[C@H](N)C(=O)O)C=CC=C1
"N,N-Me-VAL",CC(C)C(C(=O)O)N(C)C
F-Pro,C1[C@H](NCC1F)C(=O)O
2F-Pro,C1[C@H](NCC1(F)F)C(=O)O
Chx-PRO,C1(CCCCC1)C1C[C@H](NC1)C(=O)O
Ph-Pro,C1(=CC=CC=C1)C1C[C@H](NC1)C(=O)O
Bn-Pro,C(C1=CC=CC=C1)C1C[C@H](NC1)C(=O)O
PhO-Pro,C1[C@H](NCC1OC2=CC=CC=C2)C(=O)O
"N,N-Me-LEU",CN([C@@H](CC(C)C)C(=O)O)C
DIT,C1=C(C=C(C(=C1I)O)I)C[C@@H](C(=O)O)N
7-DMA-TRP,CC(=CCC1=C2C(=CC=C1)C(=CN2)C[C@@H](C(=O)O)N)C
Cbz-ORN,C1=CC=C(C=C1)COC(=O)N[C@@H](CCCN)C(=O)O
Cbz-LYS,C1=CC=C(C=C1)COC(=O)N[C@@H](CCCCN)C(=O)O
VALol,CC(C)C(C(=O)O)(N)O
"N,O-Me-TYR",CN[C@@H](CC1=CC=C(C=C1)OC)C(=O)O
5-NH2-2-OH-C5,C(CC(C(=O)O)O)CN
O-Me-Tyr,COC1=CC=C(C=C1)CC(C(=O)O)N
3-I-Tyr,C1=CC(=C(C=C1C[C@@H](C(=O)O)N)I)O
"3,5-I-Tyr",C1=C(C=C(C(=C1I)O)I)C[C@@H](C(=O)O)N
HTyr,C1=CC(=CC=C1CC[C@@H](C(=O)O)N)O
D-PHE(4-OMe),COC1=CC=C(C=C1)C[C@H](C(=O)O)N
IST,CC[C@H](C)[C@@H]([C@@H](CC(=O)O)O)N
"N,O-Me-Ser",CN[C@@H](COC)C(=O)O
D-Me-Ala,C[C@H](C(=O)O)NC
"2,5,7 TERT BU TRP ",CC(C)(C)C1=CC2=C(C(=C1)C(C)(C)C)NC(=C2C[C@@H](C(=O)O)N)C(C)(C)C
OMe-Trp,CON[C@@H](CC1=CNC2=CC=CC=C12)C(=O)O
Asn(D-GlcNAc) ,CC(=O)N[C@@H]1[C@H]([C@@H]([C@H](O[C@H]1NC(=O)C[C@@H](C(=O)O)N)CO)O)O
4-OH-Phg,C1=CC(=CC=C1[C@@H](C(=O)O)N)O
4-Abz,C1=CC(=CC=C1C(=O)O)N
THR-Cl,C(C(C(C(=O)O)N)O)Cl
5-Me-OPro,C[C@H]1C(=O)C[C@H](N1)C(=O)O
3-OH-5-Me-Pro,C[C@H]1C[C@@H]([C@H](N1)C(=O)O)O
THR-OH,C([C@H]([C@@H](C(=O)O)N)O)O
End,C1[C@H](NC(=N1)N)C[C@@H](C(=O)O)N
D-End,N[C@H](C(=O)O)CCCCCNC(=N)N
D-Phg,C1=CC=C(C=C1)[C@H](C(=O)O)N
bLYS,C(CC(CC(=O)O)N)CN
"N,S-Me-CYS",CN[C@@H](CSC)C(=O)O
Allo-Thr,CC(C(C(=O)[O-])[NH3+])O
3-Hyp,C1CN[C@@H](C1O)C(=O)O
DHTrp,C1=CC=C2C(=C1)C(=CN2)/C=C(/C(=O)O)\N
3-OH-Leu,CC(C)C([C@@H](C(=O)O)N)O
D-Me-Ser,CN[C@H](CO)C(=O)O
Me-4-OH-PHG,CNC(C(=O)O)C1=CC=C(C=C1)O
3-NH2-C16,CCCCCCCCCCCCCC(CC(=O)O)N
Pen,CC(C)([C@H](C(=O)O)N)S
D-Pen,CC(C)([C@H](C(=O)O)N)S
D-Me-TYR,CN[C@@H](CC1=CC=C(C=C1)O)C(=O)O
P-Thr,C[C@H]([C@@H](C(=O)O)N)OP(=O)(O)O
Suc-Lys,C(CCN)C[C@@H](C(=O)O)NC(=O)CCC(=O)O
3-ME-GLU,CC(CC(=O)O)C(C(=O)O)N
KYN,C1=CC=C(C(=C1)C(=O)C[C@@H](C(=O)O)N)N
I3CA,C1=CC=C2C(=C1)C(=CN2)C=O
D-Pip,C1CCN[C@H](C1)C(=O)O
3-Me-ASP,C[C@@H]([C@H](C(=O)O)N)C(=O)O
Cl-Th2CA,C1[C@@H](O1)CNC(=O)C2=CC=C(S2)Cl
D-HSer,N[C@H](CCO)C(=O)O
3-OH-Asp,C(C(C(=O)O)O)(C(=O)O)N
11-NH2-C11,C(CCCCCN)CCCCC(=O)O
D-IGln,N[C@@H](C(=O)O)CC(N)=O
N5-Ac-N5-OH-ORN,CC(=O)N(CCC[C@@H](C(=O)O)N)O
Me-3-OH-Val,CN[C@@H](C(C)(C)O)C(=O)O
D-3-O-TRP,N1C=C(C2=CC=CC=C12)CC(C(=O)O)=O
D-3-OH-Asp,[C@@H](C(C(=O)O)O)(C(=O)O)N
Dab(βOH),NC(C(=O)O)C(CN)O
3-OH-Ile,O[C@]([C@H](N)C(=O)O)(C)CC
"N,N-Me-Phe",CN([C@H](C(=O)O)CC1=CC=CC=C1)C
"N,N-Me-ALA",CN([C@@H](C)C(=O)O)C
4-Me-Pro,CC1C[C@H](NC1)C(=O)O
OH-Ile,CC[C@H](C)[C@@H](C(=O)O)NO
OH-VAL,ON[C@@H](C(C)C)C(=O)O
D-3-OH-VAL,CC(C)([C@H](C(=O)O)N)O
β-HPhe,N[C@@H](CC1=CC=CC=C1)CC(=O)O
S-Me-CYS,CSC[C@@H](C(=O)O)N
LYS-C12,C(CCCCCCCCCCC)(=O)NCCCC[C@H](N)C(=O)O
LYS-C14,C(CCCCCCCCCCCCC)(=O)NCCCC[C@H](N)C(=O)O
LYS-C16,C(CCCCCCCCCCCCCCC)(=O)NCCCC[C@H](N)C(=O)O
LYS-ACT,C(C)(=O)NCCCC[C@H](N)C(=O)O
D-AIB,NC(C(=O)O)(C)C
Ser-GLC,C(C)(=O)N[C@H]1[C@@H](O[C@@H]([C@H]([C@@H]1O)O)CO)OC[C@H](N)C(=O)O
Thr-GLC ,C(C)(=O)N[C@H]1[C@@H](O[C@@H]([C@H]([C@@H]1O)O)CO)O[C@@H]([C@H](N)C(=O)O)C
D-ABU,N[C@@H](C(=O)O)CC
NLYS,NCCCCNCC(=O)O
AGP,N(C(=N)N)CCC(=O)O
Me-ARG,N[C@H](C(=O)O)CCCN(C(=N)N)C
PFPh,FC=1C(=C(C(=C(C1)F)F)F)F
Asn-GLC ,C(C)(=O)N[C@H]1[C@@H](O[C@@H]([C@H]([C@@H]1O)O)CO)NC(C[C@H](N)C(=O)O)=O
Acm-Cys,N[C@H](C(=O)O)CSCNC(C)=O
TERT BU ALA,NC(C(=O)O)C(C)(C)C
D-FLG,N[C@@H](C(=O)O)C1C2=CC=CC=C2C=2C=CC=CC12
4-NH2-D-PRO,N[C@@H]1[C@@H](NCC1)C(=O)O
CYS-S-CH3,CSSC[C@H](N)C(=O)O
S-ALA-4-pen,N[C@@](C(=O)O)(C)CCCC=C
R-ALA-7-oct,N[C@](C(=O)O)(C)CCCCCCC=C
CF3-Bpg,NC(C(=O)O)C12CC(C1)(C2)C(F)(F)F
D-CF3-Bpg,N[C@@H](C(=O)O)C12CC(C1)(C2)C(F)(F)F
bASP,NC(CC(=O)O)C(=O)O
AEt-VAL,NCCN[C@@H](C(C)C)C(=O)O
NNar,N(C(=N)N)CCCNCC(=O)O
CYS-PEG750,NC(C(=O)O)CSCCOCCOC
CYS-PEG2000,NC(C(=O)O)CSCCOCCOCCOC
Tic,C1NC(CC2=CC=CC=C12)C(=O)O
Oic,N1C(CC2CCCCC12)C(=O)O
D-LAP,C(CCCCCCCCCCC)N[C@H](CC(N)=O)C(=O)O
LYS-C8,C(CCCCCCC)(=O)NCCCC[C@H](N)C(=O)O
LYS-C4,C(CCC)(=O)NCCCC[C@H](N)C(=O)O
LYS-C12-OH,OCCCCCCCCCCCC(=O)NCCCC[C@H](N)C(=O)O
"N,N-Me-Lys",CN(CCCC[C@H](N)C(=O)O)C
BIP,NC(C(=O)O)CC1=CC=C(C=C1)C1=CC=CC=C1
DAB(Ac),C(C)(=O)NC(C(=O)O)CCN
Ph-TRP,N[C@H](C(=O)O)CC1=C(NC2=CC=CC=C12)C1=CC=CC=C1
LYS-C5,C(CCCC)(=O)NCCCC[C@H](N)C(=O)O
LYS-Me-C5,CC(CCC(=O)NCCCC[C@H](N)C(=O)O)C
LYS-C6,C(CCCCC)(=O)NCCCC[C@H](N)C(=O)O
LYS-Me-C6,CC(C(=O)NCCCC[C@H](N)C(=O)O)CCCC
LYS-Me-C8,CC(CCC(=O)NCCCC[C@H](N)C(=O)O)CCCC
LYS-C18,C(CCCCCCCC=CCCCCCCCC)(=O)N[C@@H](CCCCN)C(=O)O
D-LYS-C4,C(CCC)(=O)NCCCC[C@@H](N)C(=O)O
D-LYS-C6,C(CCCCC)(=O)NCCCC[C@H](C(=O)O)N
D-LYS-Me-C5,CC(CCC(=O)NCCCC[C@@H](N)C(=O)O)C
D-LYS-C8,C(CCCCCCC)(=O)NCCCC[C@@H](N)C(=O)O
2-OH-Me-SER,OCN[C@H](C(=O)O)CO
10-Adc,NCCCCCCCCCC(=O)O
DIP,NC(C(=O)O)C(C1=CC=CC=C1)C1=CC=CC=C1
His[(CH2)3C6H5]2,C1(=CC=CC=C1)CCCN[C@H](C(=O)O)CC=1N=CN(C1)CCCC1=CC=CC=C1
Lys(N3),N[C@H](C(=O)O)CCCCN=[N+]=[N-]
LYS-C10,C(CCCCCCCCC)(=O)NCCCC[C@H](N)C(=O)O
12-Guan-C12,N(C(=N)N)CCCCCCCCCCCC(=O)O
MET-Boro,NC(CB(O)O)CCSC
TERT BU CYS,N[C@H](C(=O)O)CSC(C)(C)C
D-Thr-GLC,C(C)(=O)N[C@H]1[C@@H](O[C@@H]([C@H]([C@@H]1O)O)CO)O[C@H]([C@@H](N)C(=O)O)C
"N,N-Me-D-Orn",N[C@@H](C(=O)O)CCCN(C)C
"N,N,N-Me-D-Orn",N[C@@H](C(=O)[O-])CCC[N+](C)(C)C
MOR-D-Orn,N[C@@H](C(=O)O)CCCN1CCOCC1
Hex-Hyp,C(CCCCC)O[C@@H]1C[C@H](NC1)C(=O)O
Dab(Cys),N[C@@H](CS)C(=O)N[C@H](C(=O)O)CCN
CYS-S-HexNAc,N[C@H](C(=O)O)CS[C@H]1[C@@H]([C@@H](O)[C@H](O)[C@H](O1)CO)NC(C)=O
bHTrp,NC(C(=O)O)CCC1=CNC2=CC=CC=C12
4-3Fm-PHE,NC(C(=O)O)CC1=CC=C(C=C1)C(F)(F)F
D-BIP,N[C@@H](C(=O)O)CC1=CC=C(C=C1)C1=CC=CC=C1
D-Me-Trp,N[C@@H](C(=O)O)CC1=CN(C2=CC=CC=C12)C
Me-PENT-GLY,N[C@](C(=O)O)(CCCC=C)C
LYS-C7,C(CCCCCC)(=O)NCCCC[C@H](N)C(=O)O
Lys-C9,C(CCCCCCCC)(=O)NCCCC[C@H](N)C(=O)O
Lys-C11,C(CCCCCCCCCC)(=O)NCCCC[C@H](N)C(=O)O
D-LYS-C10,C(CCCCCCCCC)(=O)NCCCC[C@@H](N)C(=O)O
D-LYS-C12,C(CCCCCCCCCCC)(=O)NCCCC[C@@H](N)C(=O)O
D-LYS-C14,C(CCCCCCCCCCCCC)(=O)NCCCC[C@@H](N)C(=O)O
D-LYS-C16,C(CCCCCCCCCCCCCCC)(=O)NCCCC[C@@H](N)C(=O)O
CYS-C12,C(CCCCCCCCCCC)(=O)SC[C@H](N)C(=O)O
4-Br-PHE,NC(C(=O)O)CC1=CC=C(C=C1)Br
4-I-PHE,NC(C(=O)O)CC1=CC=C(C=C1)I
LYS-NH2-C5,NCCCCC(=O)NCCCC[C@H](N)C(=O)O
LYS-Ahx,NCCCCCC(=O)NCCCC[C@H](N)C(=O)O
LYS-BrC6,BrCCCCCC(=O)NCCCC[C@H](N)C(=O)O
LYS-NH2-C11,NCCCCCCCCCCC(=O)NCCCC[C@H](N)C(=O)O
NTrp,N1C=C(C2=CC=CC=C12)CCNCC(=O)O
Ndpe,C1(=CC=CC=C1)C(CNCC(=O)O)C1=CC=CC=C1
Ala-d3,N[C@H](C(=O)O)C([2H])([2H])[2H]
IAA-Cys,N[C@H](C(=O)O)CSCCC(N)=O
5F-PHE,NC(C(=O)O)CC1=C(C(=C(C(=C1F)F)F)F)F
DAP-C10,C(CCCCCCCCC)(=O)NCC(C(=O)O)N
DAP-C12,C(CCCCCCCCCCC)(=O)NCC(C(=O)O)N
DAP-C14,C(CCCCCCCCCCCCC)(=O)NCC(C(=O)O)N
DAP-C16,C(CCCCCCCCCCCCCCC)(=O)NCC(C(=O)O)N
DAB-C10,C(CCCCCCCCC)(=O)NCCC(C(=O)O)N
DAB-C12,C(CCCCCCCCCCC)(=O)NCCC(C(=O)O)N
DAB-C14,C(CCCCCCCCCCCCC)(=O)NCCC(C(=O)O)N
DAB-C16,C(CCCCCCCCCCCCCCC)(=O)NCCC(C(=O)O)N
His[(CH2)7C6H5]2,C1(=CC=CC=C1)CCCCCCCN[C@H](C(=O)O)CC=1N=CN(C1)CCCCCCCC1=CC=CC=C1
His[(CH2)7C6H5],C1(=CC=CC=C1)CCCCCCCN[C@@H](CC1=CNC=N1)C(=O)O
HCha,NC(C(=O)O)CCCC1CCCCC1
Leu(O)S,NC(C(O)=S)CC(C)C
BisHomo-Pra,NC(C(=O)O)CCC#C
"N,4-Me-Glu	",CN[C@@H](CC(C(=O)O)C)C(=O)O
Pre-TRP,N[C@H](C(=O)O)CC1=CN(C2=CC=CC=C12)CC=C(C)C
N-TYR,NC(C(=O)O)CC1=CC=C(C=C1)[N+](=O)[O-]
R-ALA-4-pen,N[C@@H](C(=O)O)CCCCC=C
Glu-OAll,N[C@H](C(=O)OCC=C)CCC(=O)[O-]
LYS-PEG4,COCCOCCNCCCC[C@H](N)C(=O)O
LYS-C24,C(CCCCCCCCCCCCCCCCCCCCCCC)(=O)NCCCC[C@H](N)C(=O)O
LYS-C22,C(CCCCCCCCCCCCCCCCCCCCC)(=O)NCCCC[C@H](N)C(=O)O
LYS-C20,C(CCCCCCCCCCCCCCCCCCC)(=O)NCCCC[C@H](N)C(=O)O
LYS-PEG8,COCCOCCOCCOCCNCCCC[C@H](N)C(=O)O
S-Fmoc-ALA-4-pen,C1=CC=CC=2C3=CC=CC=C3C(C12)COC(=O)N[C@H](C(=O)O)CCCCC=C
Me-Ile,CN[C@@H]([C@@H](C)CC)C(=O)O
BTA,NC(C(=O)O)CC1=CSC2=C1C=CC=C2
DAB-C4,C(CCC)(=O)NCCC(C(=O)O)N
DAB-C6,C(CCCCC)(=O)NCCC(C(=O)O)N
DAB-C8,C(CCCCCCC)(=O)NCCC(C(=O)O)N
D-Gly-C8,N[C@@H](C(=O)O)CCCCCCCC
Gly-C8,NC(C(=O)O)CCCCCCCC
CYS-PEG4-Chol,NC(C(=O)O)CSCCOCCO[C@@H]1CC2=CC[C@H]3[C@@H]4CC[C@H]([C@@H](CCCC(C)C)C)[C@]4(CC[C@@H]3[C@]2(CC1)C)C
Eps-LYS,NCCCCCC(=O)O
S-TERT BU CYS,N[C@H](C(=O)O)CSSC(C)(C)C
β-BzThi-Ala,NC(C(=O)O)CC1=CSC2=C1C=CC=C2
CYS-C16,C(CCCCCCCCCCCCCCC)(=O)SC[C@H](N)C(=O)O
"2F(3,5)-PHE",NC(C(=O)O)CC1=CC(=CC(=C1)F)F
PHE-NH2-C5,NC(C(=O)O)CC1=CC=C(C=C1)C(CCCCN)=O
ORN-NH2-C5,NCCCCC(=O)NCCC[C@H](N)C(=O)O
ORN-NH2-C7,NCCCCCCC(=O)NCCC[C@H](N)C(=O)O
"2F(2,6)-PHE",NC(C(=O)O)CC1=C(C=CC=C1F)F
6F-LEU,NC(C(=O)O)CC(C(F)(F)F)(F)F
CF3-Pro,FC([C@@]1(NCCC1)C(=O)O)(F)F
CH3-S-Pro,CS[C@@H]1C[C@H](NC1)C(=O)O
CYS-PEG5000,NC(C(=O)O)CSCCOCCOC
mPEG-2000-Mal-CYS,N[C@@H](C(=O)O)CN1C(C(=CC1=O)CCOCCOC)=O
D-Lys(N3),N[C@@H](C(=O)O)CCCCN=[N+]=[N-]
2-DMA-TRP,N[C@H](C(=O)O)CC1=C(NC2=CC=CC=C12)C(=C(C)C)C
Cbz-D-ORN,C(C1=CC=CC=C1)OC(=O)NCCC[C@@H](N)C(=O)O
LYS-PA,N[C@H](C(=O)O)CCCCNC(C=CC=CC1=CC2=C(C=C1)OCO2)=O
ORN-PA,N[C@H](C(=O)O)CCCNC(C=CC=CC1=CC2=C(C=C1)OCO2)=O
LYS-EPA,N[C@H](C(=O)O)CCCCNC(C=CC=CC1=CC2C(C=C1)(OCO2)CC)=O
ORN-EPA,N[C@H](C(=O)O)CCCNC(C=CC=CC1=CC2C(C=C1)(OCO2)CC)=O
CYS-PEG12-Chol,NC(C(=O)O)CSCCOCCOCCOCCOCCOCCOCCOCCOCCOCCOCCOCCO[C@@H]1CC2=CC[C@H]3[C@@H]4CC[C@H]([C@@H](CCCC(C)C)C)[C@]4(CC[C@@H]3[C@]2(CC1)C)C
D-3-OH-ASN,N[C@@H](C(=O)O)[C@@H](O)N
CYS-Chol,N[C@H](C(=O)O)CS[C@@H]1CC2=CC[C@H]3[C@@H]4CC[C@H]([C@@H](CCCC(C)C)C)[C@]4(CC[C@@H]3[C@]2(CC1)C)C
CYS-PEG24-Chol,NC(C(=O)O)CSCCOCCOCCOCCOCCOCCOCCOCCOCCOCCOCCOCCOCCOCCOCCOCCOCCOCCOCCOCCOCCOCCOCCO[C@@H]1CC2=CC[C@H]3[C@@H]4CC[C@H]([C@@H](CCCC(C)C)C)[C@]4(CC[C@@H]3[C@]2(CC1)C)C
5-Cl-TRP,NC(C(=O)O)CC1=CNC2=CC=C(C=C12)Cl
D-bALA,NCCC(=O)O
AMiPPA,NC(C(=O)O)CC(CC(C(=O)O)CC(C)O)C
MPro,S[C@@H]1C[C@H](NC1)C(=O)O
Dab(Thr),N[C@H](C(=O)N[C@H](C(=O)O)CCN)[C@@H](C)O
D-Dab(Thr),N[C@H](C(=O)N[C@@H](C(=O)O)CCN)[C@@H](C)O
3-Me-Trp,NC(C(=O)O)CC1(CNC2=CC=CC=C12)C
OMe-Glu,COC(CC[C@@H](C(=O)O)N)=O
"3-NH2-2-OH-4,15-Me-(E)14-C19",NC(C(C(=O)O)O)CCCCCCCCCCC=C(CCCC)C
"2-NH2-2,6,8-Me-C10",NC(C(=O)O)(CCC(C(CCCC)C)C)C
D-OMe-Glu,COC(CC[C@H](C(=O)O)N)=O
"N1,N2-Me-ORN",CN([C@@H](CCCN)C(=O)O)C
SER-O-GlcNAc,C(C)(=O)N[C@H]1[C@@H](O[C@@H]([C@H]([C@@H]1O)O)CO)OC[C@H](N)C(=O)O
4-F-ABU,NC(C(=O)O)CCF
4-2F-ABU,NC(C(=O)O)CC(F)F
4-3F-ABU,NC(C(=O)O)CC(F)(F)F
4-2F-5-3F-NVA,NC(C(=O)O)CC(C(F)(F)F)(F)F
D-SER-O-OMe-CIN,COC1=CC=C(C=CC(=O)OC[C@@H](N)C(=O)O)C=C1
D-SER-O-Me-CIN,CC1=CC=C(C=CC(=O)OC[C@@H](N)C(=O)O)C=C1
SER-O-Me-CIN,CC1=CC=C(C=CC(=O)OC[C@H](N)C(=O)O)C=C1
D-Piz,N1[C@H](CNCC1)C(=O)O
DHLys,N[C@H](C(=O)O)CCC=C
"13-N,N-Me-Guan-(E)2,4,8-C13",CN(C(NC(CC=CCC=CCC=CCCC(=O)O)CC)=N)C
LYS-Bu,C(CC#C)(=O)NCCCC[C@H](N)C(=O)O
DAP-Bu,C(CC#C)(=O)NCC(C(=O)O)N
